scenario,index,stage,elapsedMs,durationMs,outcome
plain,-2,inventory,0.505,0.152,
plain,-2,bound,5.53,,
plain,-2,accepted,6.334,,
plain,-2,baseline,9.465,2.361,
plain,-2,adapter_dispatch,9.511,,
plain,-2,first_activity,32.098,,
plain,-2,first_text,53.507,,
plain,-2,native_done,75.834,,
plain,-2,verification,80.001,0.707,
plain,-2,artifacts,80.588,0.521,
plain,-2,finished,82.62,,done
plain,-1,inventory,0.175,0.132,
plain,-1,bound,1.029,,
plain,-1,accepted,1.37,,
plain,-1,baseline,2.002,0.564,
plain,-1,adapter_dispatch,2.014,,
plain,-1,first_activity,24.153,,
plain,-1,first_text,46.552,,
plain,-1,native_done,68.256,,
plain,-1,verification,69.085,0.219,
plain,-1,artifacts,69.378,0.264,
plain,-1,finished,70.407,,done
plain,0,inventory,0.075,0.039,
plain,0,bound,0.538,,
plain,0,accepted,0.826,,
plain,0,baseline,1.544,0.664,
plain,0,adapter_dispatch,1.554,,
plain,0,first_activity,25.025,,
plain,0,first_text,46.225,,
plain,0,native_done,68.334,,
plain,0,verification,68.811,0.26,
plain,0,artifacts,68.865,0.029,
plain,0,finished,70.148,,done
plain,1,inventory,0.12,0.044,
plain,1,bound,0.748,,
plain,1,accepted,0.965,,
plain,1,baseline,1.663,0.628,
plain,1,adapter_dispatch,1.678,,
plain,1,first_activity,23.456,,
plain,1,first_text,43.676,,
plain,1,native_done,64.469,,
plain,1,verification,65.263,0.311,
plain,1,artifacts,65.345,0.033,
plain,1,finished,66.561,,done
plain,2,inventory,0.086,0.037,
plain,2,bound,0.519,,
plain,2,accepted,0.729,,
plain,2,baseline,1.428,0.631,
plain,2,adapter_dispatch,1.438,,
plain,2,first_activity,21.925,,
plain,2,first_text,42.594,,
plain,2,native_done,63.669,,
plain,2,verification,64.308,0.348,
plain,2,artifacts,64.368,0.032,
plain,2,finished,65.468,,done
plain,3,inventory,0.151,0.074,
plain,3,bound,1.009,,
plain,3,accepted,1.325,,
plain,3,baseline,2.122,0.712,
plain,3,adapter_dispatch,2.136,,
plain,3,first_activity,23.91,,
plain,3,first_text,45.924,,
plain,3,native_done,68.885,,
plain,3,verification,69.646,0.433,
plain,3,artifacts,69.761,0.052,
plain,3,finished,73.049,,done
plain,4,inventory,0.124,0.047,
plain,4,bound,0.734,,
plain,4,accepted,0.97,,
plain,4,baseline,1.7,0.633,
plain,4,adapter_dispatch,1.718,,
plain,4,first_activity,22.933,,
plain,4,first_text,44.69,,
plain,4,native_done,66.514,,
plain,4,verification,67.037,0.22,
plain,4,artifacts,67.343,0.281,
plain,4,finished,68.337,,done
plain,5,inventory,0.813,0.108,
plain,5,bound,2.681,,
plain,5,accepted,2.977,,
plain,5,baseline,5.757,2.682,
plain,5,adapter_dispatch,5.79,,
plain,5,first_activity,28.312,,
plain,5,first_text,51.076,,
plain,5,native_done,73.081,,
plain,5,verification,74.1,0.437,
plain,5,artifacts,74.253,0.066,
plain,5,finished,78.395,,done
plain,6,inventory,0.304,0.056,
plain,6,bound,1.297,,
plain,6,accepted,1.536,,
plain,6,baseline,2.97,1.354,
plain,6,adapter_dispatch,2.989,,
plain,6,first_activity,24.768,,
plain,6,first_text,45.924,,
plain,6,native_done,67.105,,
plain,6,verification,68.067,0.635,
plain,6,artifacts,68.301,0.183,
plain,6,finished,70.791,,done
plain,7,inventory,0.117,0.05,
plain,7,bound,0.916,,
plain,7,accepted,1.188,,
plain,7,baseline,1.834,0.569,
plain,7,adapter_dispatch,1.844,,
plain,7,first_activity,23.551,,
plain,7,first_text,45.581,,
plain,7,native_done,68.235,,
plain,7,verification,68.945,0.279,
plain,7,artifacts,69.034,0.034,
plain,7,finished,70.949,,done
plain,8,inventory,0.074,0.037,
plain,8,bound,0.584,,
plain,8,accepted,0.778,,
plain,8,baseline,1.266,0.43,
plain,8,adapter_dispatch,1.278,,
plain,8,first_activity,23.348,,
plain,8,first_text,45.376,,
plain,8,native_done,67.552,,
plain,8,verification,67.974,0.177,
plain,8,artifacts,68.027,0.026,
plain,8,finished,68.824,,done
plain,9,inventory,0.066,0.032,
plain,9,bound,0.54,,
plain,9,accepted,0.718,,
plain,9,baseline,1.155,0.379,
plain,9,adapter_dispatch,1.165,,
plain,9,first_activity,21.646,,
plain,9,first_text,43.452,,
plain,9,native_done,65.483,,
plain,9,verification,65.87,0.182,
plain,9,artifacts,65.941,0.033,
plain,9,finished,67.044,,done
plain,10,inventory,0.053,0.025,
plain,10,bound,0.836,,
plain,10,accepted,1.038,,
plain,10,baseline,1.624,0.523,
plain,10,adapter_dispatch,1.636,,
plain,10,first_activity,22.895,,
plain,10,first_text,43.554,,
plain,10,native_done,65.262,,
plain,10,verification,65.642,0.173,
plain,10,artifacts,65.691,0.021,
plain,10,finished,66.712,,done
plain,11,inventory,0.07,0.032,
plain,11,bound,0.534,,
plain,11,accepted,0.711,,
plain,11,baseline,1.142,0.368,
plain,11,adapter_dispatch,1.152,,
plain,11,first_activity,23.039,,
plain,11,first_text,43.99,,
plain,11,native_done,64.827,,
plain,11,verification,65.229,0.156,
plain,11,artifacts,65.269,0.02,
plain,11,finished,65.968,,done
plain,12,inventory,0.082,0.044,
plain,12,bound,0.515,,
plain,12,accepted,0.683,,
plain,12,baseline,1.161,0.426,
plain,12,adapter_dispatch,1.169,,
plain,12,first_activity,23.386,,
plain,12,first_text,45.244,,
plain,12,native_done,65.846,,
plain,12,verification,66.48,0.212,
plain,12,artifacts,66.627,0.076,
plain,12,finished,67.558,,done
plain,13,inventory,0.05,0.025,
plain,13,bound,0.392,,
plain,13,accepted,0.531,,
plain,13,baseline,0.917,0.339,
plain,13,adapter_dispatch,0.924,,
plain,13,first_activity,22.302,,
plain,13,first_text,43.908,,
plain,13,native_done,64.814,,
plain,13,verification,65.223,0.193,
plain,13,artifacts,65.296,0.019,
plain,13,finished,66.136,,done
plain,14,inventory,0.154,0.077,
plain,14,bound,1.11,,
plain,14,accepted,1.395,,
plain,14,baseline,2.064,0.588,
plain,14,adapter_dispatch,2.075,,
plain,14,first_activity,24.402,,
plain,14,first_text,45.328,,
plain,14,native_done,67.241,,
plain,14,verification,68.137,0.361,
plain,14,artifacts,68.23,0.035,
plain,14,finished,69.456,,done
plain,15,inventory,0.133,0.089,
plain,15,bound,1.456,,
plain,15,accepted,1.97,,
plain,15,baseline,4.489,2.321,
plain,15,adapter_dispatch,4.53,,
plain,15,first_activity,34.156,,
plain,15,first_text,57.345,,
plain,15,native_done,88.185,,
plain,15,verification,97.708,2.528,
plain,15,artifacts,97.847,0.046,
plain,15,finished,101.31,,done
plain,16,inventory,0.101,0.055,
plain,16,bound,0.796,,
plain,16,accepted,1.552,,
plain,16,baseline,2.829,1.146,
plain,16,adapter_dispatch,2.95,,
plain,16,first_activity,24.598,,
plain,16,first_text,46.397,,
plain,16,native_done,67.445,,
plain,16,verification,68.101,0.242,
plain,16,artifacts,68.149,0.016,
plain,16,finished,69.486,,done
plain,17,inventory,0.113,0.062,
plain,17,bound,0.878,,
plain,17,accepted,1.247,,
plain,17,baseline,2.023,0.677,
plain,17,adapter_dispatch,2.036,,
plain,17,first_activity,23.429,,
plain,17,first_text,44.606,,
plain,17,native_done,65.499,,
plain,17,verification,65.975,0.23,
plain,17,artifacts,66.035,0.025,
plain,17,finished,67.175,,done
plain,18,inventory,0.532,0.475,
plain,18,bound,3.884,,
plain,18,accepted,4.257,,
plain,18,baseline,5.377,0.992,
plain,18,adapter_dispatch,5.406,,
plain,18,first_activity,27.325,,
plain,18,first_text,49.38,,
plain,18,native_done,70.565,,
plain,18,verification,71.398,0.538,
plain,18,artifacts,71.463,0.022,
plain,18,finished,72.787,,done
plain,19,inventory,0.089,0.044,
plain,19,bound,1.032,,
plain,19,accepted,1.299,,
plain,19,baseline,3.552,2.048,
plain,19,adapter_dispatch,3.609,,
plain,19,first_activity,28.263,,
plain,19,first_text,49.528,,
plain,19,native_done,71.208,,
plain,19,verification,72.023,0.36,
plain,19,artifacts,72.323,0.195,
plain,19,finished,73.921,,done
plain,20,inventory,0.111,0.057,
plain,20,bound,1.098,,
plain,20,accepted,1.622,,
plain,20,baseline,3.527,1.197,
plain,20,adapter_dispatch,3.55,,
plain,20,first_activity,26.124,,
plain,20,first_text,47.685,,
plain,20,native_done,68.305,,
plain,20,verification,69.224,0.292,
plain,20,artifacts,69.3,0.024,
plain,20,finished,70.854,,done
plain,21,inventory,0.072,0.038,
plain,21,bound,0.519,,
plain,21,accepted,0.681,,
plain,21,baseline,1.082,0.348,
plain,21,adapter_dispatch,1.092,,
plain,21,first_activity,23.423,,
plain,21,first_text,46.171,,
plain,21,native_done,68.301,,
plain,21,verification,68.667,0.157,
plain,21,artifacts,68.707,0.019,
plain,21,finished,69.646,,done
plain,22,inventory,0.088,0.046,
plain,22,bound,0.969,,
plain,22,accepted,1.973,,
plain,22,baseline,3.41,1.092,
plain,22,adapter_dispatch,3.438,,
plain,22,first_activity,26.583,,
plain,22,first_text,46.76,,
plain,22,native_done,67.941,,
plain,22,verification,69.422,1.02,
plain,22,artifacts,69.496,0.028,
plain,22,finished,70.442,,done
plain,23,inventory,0.075,0.038,
plain,23,bound,0.728,,
plain,23,accepted,0.972,,
plain,23,baseline,1.613,0.559,
plain,23,adapter_dispatch,1.629,,
plain,23,first_activity,22.398,,
plain,23,first_text,44.231,,
plain,23,native_done,66.061,,
plain,23,verification,66.869,0.355,
plain,23,artifacts,66.962,0.034,
plain,23,finished,67.923,,done
plain,24,inventory,0.063,0.032,
plain,24,bound,0.621,,
plain,24,accepted,1.145,,
plain,24,baseline,1.869,0.599,
plain,24,adapter_dispatch,1.918,,
plain,24,first_activity,23.812,,
plain,24,first_text,44.635,,
plain,24,native_done,65.627,,
plain,24,verification,66.027,0.166,
plain,24,artifacts,66.071,0.02,
plain,24,finished,67.028,,done
plain,25,inventory,0.054,0.031,
plain,25,bound,0.562,,
plain,25,accepted,0.759,,
plain,25,baseline,1.325,0.505,
plain,25,adapter_dispatch,1.337,,
plain,25,first_activity,23.63,,
plain,25,first_text,45.258,,
plain,25,native_done,66.086,,
plain,25,verification,66.435,0.155,
plain,25,artifacts,66.472,0.017,
plain,25,finished,67.245,,done
plain,26,inventory,0.059,0.029,
plain,26,bound,0.675,,
plain,26,accepted,0.883,,
plain,26,baseline,1.555,0.601,
plain,26,adapter_dispatch,1.565,,
plain,26,first_activity,22.431,,
plain,26,first_text,43.709,,
plain,26,native_done,65.683,,
plain,26,verification,66.061,0.159,
plain,26,artifacts,66.097,0.017,
plain,26,finished,66.831,,done
plain,27,inventory,0.039,0.018,
plain,27,bound,0.662,,
plain,27,accepted,1.148,,
plain,27,baseline,1.636,0.418,
plain,27,adapter_dispatch,1.652,,
plain,27,first_activity,23.104,,
plain,27,first_text,44.666,,
plain,27,native_done,66.053,,
plain,27,verification,66.414,0.138,
plain,27,artifacts,66.453,0.018,
plain,27,finished,67.916,,done
plain,28,inventory,0.064,0.032,
plain,28,bound,0.601,,
plain,28,accepted,0.808,,
plain,28,baseline,1.325,0.461,
plain,28,adapter_dispatch,1.334,,
plain,28,first_activity,22.818,,
plain,28,first_text,44.096,,
plain,28,native_done,64.93,,
plain,28,verification,65.264,0.146,
plain,28,artifacts,65.32,0.036,
plain,28,finished,66.846,,done
plain,29,inventory,0.047,0.024,
plain,29,bound,0.463,,
plain,29,accepted,0.661,,
plain,29,baseline,1.074,0.35,
plain,29,adapter_dispatch,1.083,,
plain,29,first_activity,21.971,,
plain,29,first_text,43.735,,
plain,29,native_done,65.558,,
plain,29,verification,65.847,0.13,
plain,29,artifacts,65.878,0.016,
plain,29,finished,66.56,,done
bot,-2,inventory,0.069,0.028,
bot,-2,bound,0.665,,
bot,-2,accepted,1.441,,
bot,-2,adapter_dispatch,1.5,,
bot,-2,first_activity,23.58,,
bot,-2,first_text,45.189,,
bot,-2,native_done,65.877,,
bot,-2,artifacts,65.963,0.03,
bot,-2,finished,67.604,,done
bot,-1,inventory,0.069,0.02,
bot,-1,bound,0.403,,
bot,-1,accepted,0.665,,
bot,-1,adapter_dispatch,0.701,,
bot,-1,first_activity,22.891,,
bot,-1,first_text,43.42,,
bot,-1,native_done,64.426,,
bot,-1,artifacts,64.538,0.042,
bot,-1,finished,65.636,,done
bot,0,inventory,0.097,0.027,
bot,0,bound,0.552,,
bot,0,accepted,0.9,,
bot,0,adapter_dispatch,1.007,,
bot,0,first_activity,22.322,,
bot,0,first_text,43.03,,
bot,0,native_done,64.852,,
bot,0,artifacts,64.931,0.031,
bot,0,finished,65.92,,done
bot,1,inventory,0.11,0.042,
bot,1,bound,1.067,,
bot,1,accepted,1.47,,
bot,1,adapter_dispatch,1.52,,
bot,1,first_activity,23.721,,
bot,1,first_text,44.799,,
bot,1,native_done,64.908,,
bot,1,artifacts,64.999,0.032,
bot,1,finished,67.541,,done
bot,2,inventory,0.428,0.236,
bot,2,bound,1.921,,
bot,2,accepted,3.35,,
bot,2,adapter_dispatch,3.488,,
bot,2,first_activity,26.884,,
bot,2,first_text,73.039,,
bot,2,native_done,94.665,,
bot,2,artifacts,94.848,0.071,
bot,2,finished,100.105,,done
bot,3,inventory,0.367,0.123,
bot,3,bound,2.69,,
bot,3,accepted,14.6,,
bot,3,adapter_dispatch,14.918,,
bot,3,first_activity,38.249,,
bot,3,first_text,60.618,,
bot,3,native_done,82.011,,
bot,3,artifacts,82.168,0.051,
bot,3,finished,85.338,,done
bot,4,inventory,0.154,0.041,
bot,4,bound,2.144,,
bot,4,accepted,3.752,,
bot,4,adapter_dispatch,3.93,,
bot,4,first_activity,25.66,,
bot,4,first_text,61.286,,
bot,4,native_done,83.182,,
bot,4,artifacts,83.266,0.023,
bot,4,finished,87.074,,done
bot,5,inventory,0.141,0.039,
bot,5,bound,1.648,,
bot,5,accepted,2.226,,
bot,5,adapter_dispatch,2.312,,
bot,5,first_activity,24.864,,
bot,5,first_text,45.976,,
bot,5,native_done,68.294,,
bot,5,artifacts,68.44,0.064,
bot,5,finished,82.102,,done
bot,6,inventory,0.284,0.078,
bot,6,bound,4.271,,
bot,6,accepted,9.279,,
bot,6,adapter_dispatch,9.689,,
bot,6,first_activity,34.579,,
bot,6,first_text,56.644,,
bot,6,native_done,78.595,,
bot,6,artifacts,78.711,0.039,
bot,6,finished,80.273,,done
bot,7,inventory,0.146,0.044,
bot,7,bound,1.048,,
bot,7,accepted,1.986,,
bot,7,adapter_dispatch,2.133,,
bot,7,first_activity,23.952,,
bot,7,first_text,44.95,,
bot,7,native_done,65.893,,
bot,7,artifacts,65.985,0.032,
bot,7,finished,67.163,,done
bot,8,inventory,0.088,0.023,
bot,8,bound,0.498,,
bot,8,accepted,0.792,,
bot,8,adapter_dispatch,0.84,,
bot,8,first_activity,23.085,,
bot,8,first_text,44.731,,
bot,8,native_done,65.7,,
bot,8,artifacts,65.843,0.025,
bot,8,finished,66.68,,done
bot,9,inventory,0.083,0.025,
bot,9,bound,0.607,,
bot,9,accepted,0.951,,
bot,9,adapter_dispatch,1.004,,
bot,9,first_activity,22.588,,
bot,9,first_text,44.376,,
bot,9,native_done,66.333,,
bot,9,artifacts,66.513,0.061,
bot,9,finished,67.567,,done
bot,10,inventory,0.07,0.019,
bot,10,bound,0.456,,
bot,10,accepted,0.723,,
bot,10,adapter_dispatch,0.768,,
bot,10,first_activity,22.269,,
bot,10,first_text,43.806,,
bot,10,native_done,64.702,,
bot,10,artifacts,64.792,0.035,
bot,10,finished,65.749,,done
bot,11,inventory,0.094,0.021,
bot,11,bound,0.751,,
bot,11,accepted,1.269,,
bot,11,adapter_dispatch,1.328,,
bot,11,first_activity,22.42,,
bot,11,first_text,44.074,,
bot,11,native_done,66.36,,
bot,11,artifacts,66.426,0.024,
bot,11,finished,67.284,,done
bot,12,inventory,0.072,0.021,
bot,12,bound,0.459,,
bot,12,accepted,0.813,,
bot,12,adapter_dispatch,0.858,,
bot,12,first_activity,22.196,,
bot,12,first_text,43.903,,
bot,12,native_done,65.728,,
bot,12,artifacts,65.832,0.036,
bot,12,finished,67.075,,done
bot,13,inventory,0.089,0.023,
bot,13,bound,0.565,,
bot,13,accepted,1.037,,
bot,13,adapter_dispatch,1.102,,
bot,13,first_activity,22.352,,
bot,13,first_text,42.438,,
bot,13,native_done,63.219,,
bot,13,artifacts,63.32,0.034,
bot,13,finished,64.84,,done
bot,14,inventory,0.114,0.027,
bot,14,bound,0.69,,
bot,14,accepted,1.259,,
bot,14,adapter_dispatch,1.329,,
bot,14,first_activity,23.034,,
bot,14,first_text,44.436,,
bot,14,native_done,66.177,,
bot,14,artifacts,66.267,0.031,
bot,14,finished,67.418,,done
bot,15,inventory,0.079,0.025,
bot,15,bound,0.619,,
bot,15,accepted,0.977,,
bot,15,adapter_dispatch,1.03,,
bot,15,first_activity,22.577,,
bot,15,first_text,43.587,,
bot,15,native_done,65.308,,
bot,15,artifacts,65.371,0.024,
bot,15,finished,66.287,,done
bot,16,inventory,0.097,0.026,
bot,16,bound,0.546,,
bot,16,accepted,0.867,,
bot,16,adapter_dispatch,0.917,,
bot,16,first_activity,22.087,,
bot,16,first_text,43.115,,
bot,16,native_done,63.556,,
bot,16,artifacts,63.635,0.029,
bot,16,finished,64.537,,done
bot,17,inventory,0.095,0.025,
bot,17,bound,0.51,,
bot,17,accepted,0.783,,
bot,17,adapter_dispatch,0.827,,
bot,17,first_activity,22.128,,
bot,17,first_text,43.63,,
bot,17,native_done,65.258,,
bot,17,artifacts,65.321,0.024,
bot,17,finished,66.131,,done
bot,18,inventory,0.08,0.023,
bot,18,bound,4.489,,
bot,18,accepted,5.392,,
bot,18,adapter_dispatch,5.465,,
bot,18,first_activity,29.07,,
bot,18,first_text,50.918,,
bot,18,native_done,93.834,,
bot,18,artifacts,93.941,0.03,
bot,18,finished,166.828,,done
bot,19,inventory,0.134,0.035,
bot,19,bound,0.63,,
bot,19,accepted,0.987,,
bot,19,adapter_dispatch,1.053,,
bot,19,first_activity,23.213,,
bot,19,first_text,94.764,,
bot,19,native_done,119.3,,
bot,19,artifacts,119.375,0.025,
bot,19,finished,120.742,,done
bot,20,inventory,0.153,0.043,
bot,20,bound,0.745,,
bot,20,accepted,1.15,,
bot,20,adapter_dispatch,1.214,,
bot,20,first_activity,23.955,,
bot,20,first_text,45.793,,
bot,20,native_done,67.152,,
bot,20,artifacts,67.226,0.025,
bot,20,finished,68.815,,done
bot,21,inventory,0.184,0.055,
bot,21,bound,0.885,,
bot,21,accepted,1.368,,
bot,21,adapter_dispatch,1.52,,
bot,21,first_activity,23.794,,
bot,21,first_text,44.458,,
bot,21,native_done,65.567,,
bot,21,artifacts,65.766,0.032,
bot,21,finished,67.649,,done
bot,22,inventory,0.283,0.067,
bot,22,bound,1.788,,
bot,22,accepted,2.944,,
bot,22,adapter_dispatch,3.051,,
bot,22,first_activity,24.686,,
bot,22,first_text,45.604,,
bot,22,native_done,67.274,,
bot,22,artifacts,67.46,0.121,
bot,22,finished,69.579,,done
bot,23,inventory,0.13,0.035,
bot,23,bound,0.746,,
bot,23,accepted,1.341,,
bot,23,adapter_dispatch,1.535,,
bot,23,first_activity,23.966,,
bot,23,first_text,45.804,,
bot,23,native_done,67.825,,
bot,23,artifacts,67.912,0.031,
bot,23,finished,69.466,,done
bot,24,inventory,0.185,0.047,
bot,24,bound,0.957,,
bot,24,accepted,2.064,,
bot,24,adapter_dispatch,2.192,,
bot,24,first_activity,25.07,,
bot,24,first_text,47.203,,
bot,24,native_done,69.339,,
bot,24,artifacts,69.467,0.044,
bot,24,finished,71.124,,done
bot,25,inventory,0.112,0.028,
bot,25,bound,1.197,,
bot,25,accepted,1.722,,
bot,25,adapter_dispatch,1.791,,
bot,25,first_activity,23.889,,
bot,25,first_text,44.874,,
bot,25,native_done,66.024,,
bot,25,artifacts,66.107,0.031,
bot,25,finished,67.292,,done
bot,26,inventory,0.173,0.048,
bot,26,bound,0.804,,
bot,26,accepted,1.507,,
bot,26,adapter_dispatch,1.587,,
bot,26,first_activity,23.601,,
bot,26,first_text,45.311,,
bot,26,native_done,67.571,,
bot,26,artifacts,67.727,0.052,
bot,26,finished,68.748,,done
bot,27,inventory,0.158,0.045,
bot,27,bound,0.642,,
bot,27,accepted,0.984,,
bot,27,adapter_dispatch,1.04,,
bot,27,first_activity,23.239,,
bot,27,first_text,44.349,,
bot,27,native_done,65.791,,
bot,27,artifacts,65.879,0.031,
bot,27,finished,67.159,,done
bot,28,inventory,0.347,0.095,
bot,28,bound,1.971,,
bot,28,accepted,2.717,,
bot,28,adapter_dispatch,2.842,,
bot,28,first_activity,24.713,,
bot,28,first_text,46.032,,
bot,28,native_done,66.761,,
bot,28,artifacts,66.913,0.049,
bot,28,finished,68.606,,done
bot,29,inventory,0.181,0.05,
bot,29,bound,0.75,,
bot,29,accepted,1.953,,
bot,29,adapter_dispatch,2.051,,
bot,29,first_activity,23.847,,
bot,29,first_text,45.204,,
bot,29,native_done,66.724,,
bot,29,artifacts,66.903,0.029,
bot,29,finished,69.103,,done
small-git,-2,inventory,1.171,0.101,
small-git,-2,bound,2.934,,
small-git,-2,accepted,3.512,,
small-git,-2,baseline,135.345,131.664,
small-git,-2,adapter_dispatch,135.391,,
small-git,-2,first_activity,157.08,,
small-git,-2,first_text,178.409,,
small-git,-2,native_done,200.233,,
small-git,-2,verification,396.109,195.657,
small-git,-2,artifacts,396.207,0.033,
small-git,-2,finished,397.723,,done
small-git,-1,inventory,0.975,0.027,
small-git,-1,bound,1.518,,
small-git,-1,accepted,1.69,,
small-git,-1,baseline,224.709,222.955,
small-git,-1,adapter_dispatch,224.782,,
small-git,-1,first_activity,247.573,,
small-git,-1,first_text,268.606,,
small-git,-1,native_done,291.494,,
small-git,-1,verification,655.538,363.758,
small-git,-1,artifacts,655.649,0.04,
small-git,-1,finished,657.312,,done
small-git,0,inventory,1.204,0.05,
small-git,0,bound,1.857,,
small-git,0,accepted,2.819,,
small-git,0,baseline,245.179,242.164,
small-git,0,adapter_dispatch,245.218,,
small-git,0,first_activity,266.404,,
small-git,0,first_text,288.069,,
small-git,0,native_done,310.407,,
small-git,0,verification,643.906,333.118,
small-git,0,artifacts,643.957,0.017,
small-git,0,finished,644.762,,done
small-git,1,inventory,0.939,0.062,
small-git,1,bound,1.525,,
small-git,1,accepted,1.887,,
small-git,1,baseline,340.383,338.404,
small-git,1,adapter_dispatch,340.436,,
small-git,1,first_activity,364.006,,
small-git,1,first_text,395.973,,
small-git,1,native_done,418.314,,
small-git,1,verification,800.477,380.975,
small-git,1,artifacts,800.541,0.021,
small-git,1,finished,801.79,,done
small-git,2,inventory,2.781,0.109,
small-git,2,bound,10.068,,
small-git,2,accepted,10.385,,
small-git,2,baseline,162.988,152.521,
small-git,2,adapter_dispatch,163.056,,
small-git,2,first_activity,185.879,,
small-git,2,first_text,207.484,,
small-git,2,native_done,229.48,,
small-git,2,verification,592.33,362.441,
small-git,2,artifacts,592.425,0.03,
small-git,2,finished,594.845,,done
small-git,3,inventory,1.133,0.089,
small-git,3,bound,1.959,,
small-git,3,accepted,2.325,,
small-git,3,baseline,161.887,159.452,
small-git,3,adapter_dispatch,161.918,,
small-git,3,first_activity,190.678,,
small-git,3,first_text,213.684,,
small-git,3,native_done,234.893,,
small-git,3,verification,478.989,243.194,
small-git,3,artifacts,479.047,0.019,
small-git,3,finished,479.936,,done
small-git,4,inventory,0.983,0.052,
small-git,4,bound,1.645,,
small-git,4,accepted,1.925,,
small-git,4,baseline,130.79,128.629,
small-git,4,adapter_dispatch,130.832,,
small-git,4,first_activity,152.477,,
small-git,4,first_text,174.37,,
small-git,4,native_done,195.047,,
small-git,4,verification,433.29,237.953,
small-git,4,artifacts,433.387,0.026,
small-git,4,finished,435.489,,done
small-git,5,inventory,0.98,0.043,
small-git,5,bound,8.604,,
small-git,5,accepted,8.921,,
small-git,5,baseline,160.284,151.271,
small-git,5,adapter_dispatch,160.339,,
small-git,5,first_activity,182.277,,
small-git,5,first_text,205.194,,
small-git,5,native_done,227.816,,
small-git,5,verification,514.816,285.124,
small-git,5,artifacts,515.001,0.056,
small-git,5,finished,516.927,,done
small-git,6,inventory,1.102,0.039,
small-git,6,bound,1.63,,
small-git,6,accepted,1.833,,
small-git,6,baseline,93.11,91.207,
small-git,6,adapter_dispatch,93.152,,
small-git,6,first_activity,115.303,,
small-git,6,first_text,137.026,,
small-git,6,native_done,158.175,,
small-git,6,verification,477.432,318.946,
small-git,6,artifacts,477.526,0.03,
small-git,6,finished,480.958,,done
small-git,7,inventory,0.929,0.043,
small-git,7,bound,1.564,,
small-git,7,accepted,1.829,,
small-git,7,baseline,175.115,173.204,
small-git,7,adapter_dispatch,175.172,,
small-git,7,first_activity,197.201,,
small-git,7,first_text,218.013,,
small-git,7,native_done,238.809,,
small-git,7,verification,581.564,342.574,
small-git,7,artifacts,581.647,0.03,
small-git,7,finished,582.736,,done
small-git,8,inventory,1.428,0.087,
small-git,8,bound,9.245,,
small-git,8,accepted,9.492,,
small-git,8,baseline,145.046,135.438,
small-git,8,adapter_dispatch,145.094,,
small-git,8,first_activity,166.602,,
small-git,8,first_text,188.519,,
small-git,8,native_done,210.453,,
small-git,8,verification,593.89,383.126,
small-git,8,artifacts,593.971,0.028,
small-git,8,finished,600.582,,done
small-git,9,inventory,1.525,0.079,
small-git,9,bound,10.374,,
small-git,9,accepted,10.664,,
small-git,9,baseline,258.94,248.15,
small-git,9,adapter_dispatch,258.982,,
small-git,9,first_activity,280.867,,
small-git,9,first_text,301.695,,
small-git,9,native_done,323.05,,
small-git,9,verification,599.913,276.435,
small-git,9,artifacts,600.152,0.042,
small-git,9,finished,601.489,,done
small-git,10,inventory,2.142,0.096,
small-git,10,bound,9.521,,
small-git,10,accepted,10.04,,
small-git,10,baseline,158.404,148.156,
small-git,10,adapter_dispatch,158.446,,
small-git,10,first_activity,179.96,,
small-git,10,first_text,200.741,,
small-git,10,native_done,221.529,,
small-git,10,verification,819.302,597.489,
small-git,10,artifacts,819.492,0.07,
small-git,10,finished,822.899,,done
small-git,11,inventory,7.065,0.329,
small-git,11,bound,11.191,,
small-git,11,accepted,11.608,,
small-git,11,baseline,345.657,333.849,
small-git,11,adapter_dispatch,345.729,,
small-git,11,first_activity,372.982,,
small-git,11,first_text,394.583,,
small-git,11,native_done,415.94,,
small-git,11,verification,850.414,433.727,
small-git,11,artifacts,850.581,0.038,
small-git,11,finished,854.508,,done
small-git,12,inventory,1.756,0.057,
small-git,12,bound,2.38,,
small-git,12,accepted,2.73,,
small-git,12,baseline,145.211,142.353,
small-git,12,adapter_dispatch,145.266,,
small-git,12,first_activity,168.331,,
small-git,12,first_text,189.348,,
small-git,12,native_done,211.05,,
small-git,12,verification,443.688,232.225,
small-git,12,artifacts,443.779,0.027,
small-git,12,finished,445.216,,done
small-git,13,inventory,1.425,0.046,
small-git,13,bound,6.414,,
small-git,13,accepted,6.671,,
small-git,13,baseline,126.234,119.412,
small-git,13,adapter_dispatch,126.288,,
small-git,13,first_activity,148.233,,
small-git,13,first_text,169.529,,
small-git,13,native_done,196.343,,
small-git,13,verification,427.407,230.608,
small-git,13,artifacts,427.507,0.033,
small-git,13,finished,429.16,,done
small-git,14,inventory,1.898,0.087,
small-git,14,bound,2.683,,
small-git,14,accepted,3.014,,
small-git,14,baseline,121.742,118.608,
small-git,14,adapter_dispatch,121.801,,
small-git,14,first_activity,143.518,,
small-git,14,first_text,165.251,,
small-git,14,native_done,186.895,,
small-git,14,verification,363.626,176.108,
small-git,14,artifacts,363.785,0.056,
small-git,14,finished,365.007,,done
small-git,15,inventory,1.281,0.042,
small-git,15,bound,2.391,,
small-git,15,accepted,3.592,,
small-git,15,baseline,89.484,85.582,
small-git,15,adapter_dispatch,89.58,,
small-git,15,first_activity,111.412,,
small-git,15,first_text,132.464,,
small-git,15,native_done,153.367,,
small-git,15,verification,372.105,218.225,
small-git,15,artifacts,372.238,0.045,
small-git,15,finished,375.819,,done
small-git,16,inventory,1.653,0.085,
small-git,16,bound,8.922,,
small-git,16,accepted,9.507,,
small-git,16,baseline,149.101,139.405,
small-git,16,adapter_dispatch,149.13,,
small-git,16,first_activity,171.174,,
small-git,16,first_text,192.216,,
small-git,16,native_done,213.062,,
small-git,16,verification,745.267,531.591,
small-git,16,artifacts,745.424,0.038,
small-git,16,finished,747.978,,done
small-git,17,inventory,2.222,0.067,
small-git,17,bound,12.821,,
small-git,17,accepted,13.969,,
small-git,17,baseline,126.741,111.804,
small-git,17,adapter_dispatch,126.772,,
small-git,17,first_activity,148.458,,
small-git,17,first_text,169.285,,
small-git,17,native_done,189.509,,
small-git,17,verification,489.818,299.982,
small-git,17,artifacts,489.973,0.05,
small-git,17,finished,492.337,,done
small-git,18,inventory,5.752,0.101,
small-git,18,bound,11.674,,
small-git,18,accepted,11.879,,
small-git,18,baseline,182.204,170.247,
small-git,18,adapter_dispatch,182.254,,
small-git,18,first_activity,203.535,,
small-git,18,first_text,224.171,,
small-git,18,native_done,246.081,,
small-git,18,verification,437.265,190.919,
small-git,18,artifacts,437.373,0.033,
small-git,18,finished,439.402,,done
small-git,19,inventory,1.435,0.055,
small-git,19,bound,2.307,,
small-git,19,accepted,2.719,,
small-git,19,baseline,116.504,113.599,
small-git,19,adapter_dispatch,116.549,,
small-git,19,first_activity,139.159,,
small-git,19,first_text,160.974,,
small-git,19,native_done,182.76,,
small-git,19,verification,451.724,268.121,
small-git,19,artifacts,451.849,0.038,
small-git,19,finished,453.798,,done
small-git,20,inventory,1.529,0.064,
small-git,20,bound,2.379,,
small-git,20,accepted,2.717,,
small-git,20,baseline,125.405,122.575,
small-git,20,adapter_dispatch,125.437,,
small-git,20,first_activity,147.002,,
small-git,20,first_text,168.951,,
small-git,20,native_done,189.973,,
small-git,20,verification,377.4,186.904,
small-git,20,artifacts,377.464,0.022,
small-git,20,finished,378.706,,done
small-git,21,inventory,1.642,0.074,
small-git,21,bound,2.717,,
small-git,21,accepted,2.994,,
small-git,21,baseline,137.031,133.94,
small-git,21,adapter_dispatch,137.082,,
small-git,21,first_activity,158.167,,
small-git,21,first_text,179.972,,
small-git,21,native_done,202.084,,
small-git,21,verification,363.762,161.357,
small-git,21,artifacts,363.869,0.025,
small-git,21,finished,365.863,,done
small-git,22,inventory,1.385,0.09,
small-git,22,bound,2.072,,
small-git,22,accepted,2.262,,
small-git,22,baseline,111.203,108.83,
small-git,22,adapter_dispatch,111.249,,
small-git,22,first_activity,132.088,,
small-git,22,first_text,153.588,,
small-git,22,native_done,174.785,,
small-git,22,verification,459.226,284.027,
small-git,22,artifacts,459.346,0.041,
small-git,22,finished,460.452,,done
small-git,23,inventory,2.108,0.101,
small-git,23,bound,2.919,,
small-git,23,accepted,3.254,,
small-git,23,baseline,132.149,128.784,
small-git,23,adapter_dispatch,132.193,,
small-git,23,first_activity,154.009,,
small-git,23,first_text,175.909,,
small-git,23,native_done,197.943,,
small-git,23,verification,343.642,145.306,
small-git,23,artifacts,343.803,0.05,
small-git,23,finished,344.983,,done
small-git,24,inventory,1.63,0.054,
small-git,24,bound,2.722,,
small-git,24,accepted,3.059,,
small-git,24,baseline,107.481,104.222,
small-git,24,adapter_dispatch,107.523,,
small-git,24,first_activity,128.308,,
small-git,24,first_text,148.979,,
small-git,24,native_done,170.383,,
small-git,24,verification,414.892,244.156,
small-git,24,artifacts,415.025,0.048,
small-git,24,finished,416.113,,done
small-git,25,inventory,1.993,0.076,
small-git,25,bound,2.728,,
small-git,25,accepted,3.015,,
small-git,25,baseline,114.409,111.286,
small-git,25,adapter_dispatch,114.452,,
small-git,25,first_activity,136.456,,
small-git,25,first_text,157.497,,
small-git,25,native_done,178.524,,
small-git,25,verification,369.443,190.595,
small-git,25,artifacts,369.564,0.043,
small-git,25,finished,370.853,,done
small-git,26,inventory,1.876,0.067,
small-git,26,bound,10.038,,
small-git,26,accepted,10.503,,
small-git,26,baseline,114.124,103.444,
small-git,26,adapter_dispatch,114.167,,
small-git,26,first_activity,135.24,,
small-git,26,first_text,156.334,,
small-git,26,native_done,176.325,,
small-git,26,verification,411.073,234.32,
small-git,26,artifacts,411.2,0.054,
small-git,26,finished,412.794,,done
small-git,27,inventory,4.936,0.309,
small-git,27,bound,5.781,,
small-git,27,accepted,6.098,,
small-git,27,baseline,114.975,108.792,
small-git,27,adapter_dispatch,115.006,,
small-git,27,first_activity,135.656,,
small-git,27,first_text,157.356,,
small-git,27,native_done,178.148,,
small-git,27,verification,316.378,137.964,
small-git,27,artifacts,316.469,0.03,
small-git,27,finished,317.624,,done
small-git,28,inventory,1.017,0.026,
small-git,28,bound,1.437,,
small-git,28,accepted,1.587,,
small-git,28,baseline,80.96,79.305,
small-git,28,adapter_dispatch,81.037,,
small-git,28,first_activity,102.83,,
small-git,28,first_text,123.719,,
small-git,28,native_done,144.398,,
small-git,28,verification,398.575,253.956,
small-git,28,artifacts,398.695,0.036,
small-git,28,finished,399.764,,done
small-git,29,inventory,2.487,0.085,
small-git,29,bound,3.738,,
small-git,29,accepted,4.105,,
small-git,29,baseline,122.319,118.082,
small-git,29,adapter_dispatch,122.365,,
small-git,29,first_activity,144.207,,
small-git,29,first_text,165.427,,
small-git,29,native_done,186.312,,
small-git,29,verification,311.484,124.819,
small-git,29,artifacts,311.602,0.042,
small-git,29,finished,312.74,,done
large-git,-2,inventory,1.711,0.042,
large-git,-2,bound,4.541,,
large-git,-2,accepted,4.765,,
large-git,-2,baseline,383.285,378.381,
large-git,-2,adapter_dispatch,383.331,,
large-git,-2,first_activity,405.737,,
large-git,-2,first_text,426.57,,
large-git,-2,native_done,448.334,,
large-git,-2,verification,1165.831,717.189,
large-git,-2,artifacts,1165.978,0.052,
large-git,-2,finished,1168.137,,done
large-git,-1,inventory,2.389,0.098,
large-git,-1,bound,3.227,,
large-git,-1,accepted,3.444,,
large-git,-1,baseline,292.8,289.273,
large-git,-1,adapter_dispatch,292.851,,
large-git,-1,first_activity,315.166,,
large-git,-1,first_text,336.32,,
large-git,-1,native_done,356.748,,
large-git,-1,verification,847.244,490.078,
large-git,-1,artifacts,847.354,0.033,
large-git,-1,finished,854.057,,done
large-git,0,inventory,2.187,0.068,
large-git,0,bound,3,,
large-git,0,accepted,3.191,,
large-git,0,baseline,252.182,248.919,
large-git,0,adapter_dispatch,252.262,,
large-git,0,first_activity,274.563,,
large-git,0,first_text,296.384,,
large-git,0,native_done,316.63,,
large-git,0,verification,880.669,563.549,
large-git,0,artifacts,880.796,0.047,
large-git,0,finished,882.398,,done
large-git,1,inventory,3.217,0.071,
large-git,1,bound,4.266,,
large-git,1,accepted,4.771,,
large-git,1,baseline,301.295,295.659,
large-git,1,adapter_dispatch,301.348,,
large-git,1,first_activity,323.103,,
large-git,1,first_text,344.486,,
large-git,1,native_done,366.146,,
large-git,1,verification,706.133,339.515,
large-git,1,artifacts,706.219,0.027,
large-git,1,finished,708.261,,done
large-git,2,inventory,1.358,0.024,
large-git,2,bound,1.923,,
large-git,2,accepted,2.088,,
large-git,2,baseline,323.668,321.511,
large-git,2,adapter_dispatch,323.74,,
large-git,2,first_activity,346.31,,
large-git,2,first_text,367.792,,
large-git,2,native_done,388.643,,
large-git,2,verification,716.406,327.43,
large-git,2,artifacts,716.501,0.031,
large-git,2,finished,719.172,,done
large-git,3,inventory,3.062,0.057,
large-git,3,bound,4.444,,
large-git,3,accepted,4.775,,
large-git,3,baseline,271.356,266.465,
large-git,3,adapter_dispatch,271.412,,
large-git,3,first_activity,293.011,,
large-git,3,first_text,314.137,,
large-git,3,native_done,337.447,,
large-git,3,verification,658.293,320.472,
large-git,3,artifacts,658.406,0.053,
large-git,3,finished,659.697,,done
large-git,4,inventory,1.854,0.039,
large-git,4,bound,2.415,,
large-git,4,accepted,2.656,,
large-git,4,baseline,574.056,571.317,
large-git,4,adapter_dispatch,574.109,,
large-git,4,first_activity,596.49,,
large-git,4,first_text,618.327,,
large-git,4,native_done,640.638,,
large-git,4,verification,1441.344,799.85,
large-git,4,artifacts,1441.474,0.04,
large-git,4,finished,1443.041,,done
large-git,5,inventory,2.975,0.067,
large-git,5,bound,28.363,,
large-git,5,accepted,28.619,,
large-git,5,baseline,704.973,676.241,
large-git,5,adapter_dispatch,705.111,,
large-git,5,first_activity,732.187,,
large-git,5,first_text,753.833,,
large-git,5,native_done,776.955,,
large-git,5,verification,1992.279,1212.308,
large-git,5,artifacts,1992.363,0.026,
large-git,5,finished,1994.194,,done
large-git,6,inventory,4.27,0.111,
large-git,6,bound,5.449,,
large-git,6,accepted,5.8,,
large-git,6,baseline,457.584,451.659,
large-git,6,adapter_dispatch,457.637,,
large-git,6,first_activity,480.352,,
large-git,6,first_text,501.489,,
large-git,6,native_done,522.62,,
large-git,6,verification,847.764,324.614,
large-git,6,artifacts,847.834,0.022,
large-git,6,finished,849.065,,done
large-git,7,inventory,3.539,0.069,
large-git,7,bound,4.651,,
large-git,7,accepted,5.396,,
large-git,7,baseline,372.151,366.126,
large-git,7,adapter_dispatch,372.199,,
large-git,7,first_activity,394.342,,
large-git,7,first_text,415.915,,
large-git,7,native_done,436.508,,
large-git,7,verification,859.85,422.845,
large-git,7,artifacts,859.917,0.022,
large-git,7,finished,861.058,,done
large-git,8,inventory,3.214,0.086,
large-git,8,bound,7.241,,
large-git,8,accepted,7.549,,
large-git,8,baseline,323.967,316.293,
large-git,8,adapter_dispatch,324,,
large-git,8,first_activity,346.511,,
large-git,8,first_text,368.437,,
large-git,8,native_done,389.342,,
large-git,8,verification,939.48,549.82,
large-git,8,artifacts,939.616,0.047,
large-git,8,finished,941.219,,done
large-git,9,inventory,2.896,0.216,
large-git,9,bound,4.278,,
large-git,9,accepted,4.527,,
large-git,9,baseline,437.312,432.465,
large-git,9,adapter_dispatch,437.377,,
large-git,9,first_activity,461.1,,
large-git,9,first_text,482.428,,
large-git,9,native_done,503.598,,
large-git,9,verification,791.201,287,
large-git,9,artifacts,791.319,0.033,
large-git,9,finished,792.771,,done
large-git,10,inventory,3.182,0.079,
large-git,10,bound,5.011,,
large-git,10,accepted,5.26,,
large-git,10,baseline,266.821,261.458,
large-git,10,adapter_dispatch,266.879,,
large-git,10,first_activity,289.04,,
large-git,10,first_text,309.873,,
large-git,10,native_done,330.448,,
large-git,10,verification,808.978,478.134,
large-git,10,artifacts,809.054,0.024,
large-git,10,finished,811.143,,done
large-git,11,inventory,2.347,0.062,
large-git,11,bound,3.165,,
large-git,11,accepted,3.402,,
large-git,11,baseline,272.698,269.207,
large-git,11,adapter_dispatch,272.746,,
large-git,11,first_activity,294.308,,
large-git,11,first_text,315.348,,
large-git,11,native_done,337.193,,
large-git,11,verification,636.964,299.34,
large-git,11,artifacts,637.068,0.038,
large-git,11,finished,638.153,,done
large-git,12,inventory,1.596,0.031,
large-git,12,bound,2.299,,
large-git,12,accepted,2.459,,
large-git,12,baseline,485.406,482.886,
large-git,12,adapter_dispatch,485.474,,
large-git,12,first_activity,566.625,,
large-git,12,first_text,589.397,,
large-git,12,native_done,614.869,,
large-git,12,verification,1103.244,487.691,
large-git,12,artifacts,1103.399,0.048,
large-git,12,finished,1105.734,,done
large-git,13,inventory,2.348,0.091,
large-git,13,bound,4.007,,
large-git,13,accepted,4.436,,
large-git,13,baseline,466.851,462.298,
large-git,13,adapter_dispatch,466.901,,
large-git,13,first_activity,489.316,,
large-git,13,first_text,510.436,,
large-git,13,native_done,531.573,,
large-git,13,verification,981.311,449.387,
large-git,13,artifacts,981.412,0.032,
large-git,13,finished,983.923,,done
large-git,14,inventory,2.659,0.102,
large-git,14,bound,3.708,,
large-git,14,accepted,4.155,,
large-git,14,baseline,248.027,243.71,
large-git,14,adapter_dispatch,248.056,,
large-git,14,first_activity,269.597,,
large-git,14,first_text,290.409,,
large-git,14,native_done,311.333,,
large-git,14,verification,565.409,253.831,
large-git,14,artifacts,565.512,0.034,
large-git,14,finished,566.604,,done
large-git,15,inventory,2.021,0.144,
large-git,15,bound,6.05,,
large-git,15,accepted,6.262,,
large-git,15,baseline,221.145,214.8,
large-git,15,adapter_dispatch,221.196,,
large-git,15,first_activity,243.123,,
large-git,15,first_text,264.357,,
large-git,15,native_done,286.228,,
large-git,15,verification,547.794,261.246,
large-git,15,artifacts,547.872,0.021,
large-git,15,finished,549.147,,done
large-git,16,inventory,3.093,0.079,
large-git,16,bound,5.136,,
large-git,16,accepted,5.374,,
large-git,16,baseline,326.086,320.631,
large-git,16,adapter_dispatch,326.132,,
large-git,16,first_activity,348.724,,
large-git,16,first_text,369.849,,
large-git,16,native_done,391.599,,
large-git,16,verification,664.658,272.724,
large-git,16,artifacts,664.766,0.034,
large-git,16,finished,665.883,,done
large-git,17,inventory,2.073,0.057,
large-git,17,bound,3.063,,
large-git,17,accepted,3.393,,
large-git,17,baseline,234.224,230.71,
large-git,17,adapter_dispatch,234.292,,
large-git,17,first_activity,255.22,,
large-git,17,first_text,277.215,,
large-git,17,native_done,298.075,,
large-git,17,verification,536.733,238.445,
large-git,17,artifacts,536.858,0.04,
large-git,17,finished,538.269,,done
large-git,18,inventory,2.38,0.142,
large-git,18,bound,3.737,,
large-git,18,accepted,4.003,,
large-git,18,baseline,193.367,189.272,
large-git,18,adapter_dispatch,193.398,,
large-git,18,first_activity,214.338,,
large-git,18,first_text,235.956,,
large-git,18,native_done,256.63,,
large-git,18,verification,511.763,254.888,
large-git,18,artifacts,512.564,0.501,
large-git,18,finished,514.104,,done
large-git,19,inventory,2.651,0.053,
large-git,19,bound,5.033,,
large-git,19,accepted,5.386,,
large-git,19,baseline,406.953,401.437,
large-git,19,adapter_dispatch,406.995,,
large-git,19,first_activity,428.784,,
large-git,19,first_text,450.692,,
large-git,19,native_done,472.69,,
large-git,19,verification,853.698,380.515,
large-git,19,artifacts,853.833,0.024,
large-git,19,finished,855.038,,done
large-git,20,inventory,1.308,0.017,
large-git,20,bound,1.805,,
large-git,20,accepted,1.953,,
large-git,20,baseline,148.387,146.371,
large-git,20,adapter_dispatch,148.445,,
large-git,20,first_activity,169.986,,
large-git,20,first_text,191.72,,
large-git,20,native_done,213.304,,
large-git,20,verification,484.434,270.699,
large-git,20,artifacts,484.572,0.073,
large-git,20,finished,486.441,,done
large-git,21,inventory,1.998,0.044,
large-git,21,bound,2.379,,
large-git,21,accepted,2.519,,
large-git,21,baseline,260.741,258.166,
large-git,21,adapter_dispatch,260.768,,
large-git,21,first_activity,282.599,,
large-git,21,first_text,304.522,,
large-git,21,native_done,326.017,,
large-git,21,verification,642.17,315.93,
large-git,21,artifacts,642.272,0.034,
large-git,21,finished,644.157,,done
large-git,22,inventory,1.562,0.029,
large-git,22,bound,2.135,,
large-git,22,accepted,2.299,,
large-git,22,baseline,160.066,157.702,
large-git,22,adapter_dispatch,160.098,,
large-git,22,first_activity,181.822,,
large-git,22,first_text,202.388,,
large-git,22,native_done,224.013,,
large-git,22,verification,810.681,586.451,
large-git,22,artifacts,810.825,0.049,
large-git,22,finished,812.619,,done
large-git,23,inventory,3.521,0.087,
large-git,23,bound,5.27,,
large-git,23,accepted,5.653,,
large-git,23,baseline,575.448,569.674,
large-git,23,adapter_dispatch,575.514,,
large-git,23,first_activity,599.633,,
large-git,23,first_text,619.64,,
large-git,23,native_done,640.427,,
large-git,23,verification,1032.509,391.828,
large-git,23,artifacts,1032.592,0.027,
large-git,23,finished,1033.455,,done
large-git,24,inventory,1.315,0.018,
large-git,24,bound,1.731,,
large-git,24,accepted,1.872,,
large-git,24,baseline,162.509,160.586,
large-git,24,adapter_dispatch,162.538,,
large-git,24,first_activity,184.684,,
large-git,24,first_text,206.361,,
large-git,24,native_done,226.393,,
large-git,24,verification,521.595,294.859,
large-git,24,artifacts,521.708,0.037,
large-git,24,finished,523.256,,done
large-git,25,inventory,2.213,0.03,
large-git,25,bound,3.205,,
large-git,25,accepted,3.401,,
large-git,25,baseline,190.852,187.383,
large-git,25,adapter_dispatch,190.875,,
large-git,25,first_activity,212.707,,
large-git,25,first_text,233.327,,
large-git,25,native_done,254.976,,
large-git,25,verification,628.257,373.033,
large-git,25,artifacts,628.322,0.021,
large-git,25,finished,629.228,,done
large-git,26,inventory,1.563,0.021,
large-git,26,bound,2.071,,
large-git,26,accepted,2.222,,
large-git,26,baseline,144.291,142.01,
large-git,26,adapter_dispatch,144.332,,
large-git,26,first_activity,166.367,,
large-git,26,first_text,187.363,,
large-git,26,native_done,208.104,,
large-git,26,verification,445.997,237.709,
large-git,26,artifacts,446.116,0.035,
large-git,26,finished,447.774,,done
large-git,27,inventory,2.841,0.071,
large-git,27,bound,4.201,,
large-git,27,accepted,4.786,,
large-git,27,baseline,349.822,344.915,
large-git,27,adapter_dispatch,349.867,,
large-git,27,first_activity,372.124,,
large-git,27,first_text,392.929,,
large-git,27,native_done,413.961,,
large-git,27,verification,708.639,294.369,
large-git,27,artifacts,708.74,0.034,
large-git,27,finished,709.87,,done
large-git,28,inventory,1.811,0.029,
large-git,28,bound,2.415,,
large-git,28,accepted,2.645,,
large-git,28,baseline,190.763,188.049,
large-git,28,adapter_dispatch,190.8,,
large-git,28,first_activity,212.657,,
large-git,28,first_text,234.556,,
large-git,28,native_done,255.642,,
large-git,28,verification,514.374,258.232,
large-git,28,artifacts,514.467,0.031,
large-git,28,finished,515.423,,done
large-git,29,inventory,1.668,0.031,
large-git,29,bound,2.351,,
large-git,29,accepted,2.502,,
large-git,29,baseline,204.57,202.01,
large-git,29,adapter_dispatch,204.602,,
large-git,29,first_activity,226.426,,
large-git,29,first_text,247.401,,
large-git,29,native_done,268.443,,
large-git,29,verification,496.476,227.67,
large-git,29,artifacts,496.573,0.036,
large-git,29,finished,497.613,,done
long-history,-2,inventory,0.044,0.022,
long-history,-2,bound,0.687,,
long-history,-2,accepted,1.14,,
long-history,-2,baseline,1.878,0.596,
long-history,-2,adapter_dispatch,1.9,,
long-history,-2,first_activity,26.026,,
long-history,-2,first_text,46.841,,
long-history,-2,native_done,67.792,,
long-history,-2,verification,68.353,0.25,
long-history,-2,artifacts,68.41,0.022,
long-history,-2,finished,69.527,,done
long-history,-1,inventory,0.055,0.028,
long-history,-1,bound,0.512,,
long-history,-1,accepted,0.894,,
long-history,-1,baseline,2.049,1.024,
long-history,-1,adapter_dispatch,2.092,,
long-history,-1,first_activity,26.362,,
long-history,-1,first_text,47.252,,
long-history,-1,native_done,69.097,,
long-history,-1,verification,69.62,0.204,
long-history,-1,artifacts,69.679,0.025,
long-history,-1,finished,70.648,,done
long-history,0,inventory,0.075,0.04,
long-history,0,bound,0.779,,
long-history,0,accepted,1.039,,
long-history,0,baseline,1.766,0.623,
long-history,0,adapter_dispatch,1.789,,
long-history,0,first_activity,26.556,,
long-history,0,first_text,47.285,,
long-history,0,native_done,68.158,,
long-history,0,verification,68.581,0.174,
long-history,0,artifacts,68.625,0.022,
long-history,0,finished,69.421,,done
long-history,1,inventory,0.046,0.023,
long-history,1,bound,0.644,,
long-history,1,accepted,0.913,,
long-history,1,baseline,1.968,0.949,
long-history,1,adapter_dispatch,1.984,,
long-history,1,first_activity,24.849,,
long-history,1,first_text,46.438,,
long-history,1,native_done,66.836,,
long-history,1,verification,67.195,0.141,
long-history,1,artifacts,67.256,0.018,
long-history,1,finished,68.044,,done
long-history,2,inventory,0.041,0.023,
long-history,2,bound,0.337,,
long-history,2,accepted,0.465,,
long-history,2,baseline,0.753,0.244,
long-history,2,adapter_dispatch,0.76,,
long-history,2,first_activity,23.429,,
long-history,2,first_text,44.898,,
long-history,2,native_done,65.445,,
long-history,2,verification,65.855,0.195,
long-history,2,artifacts,65.914,0.032,
long-history,2,finished,66.602,,done
long-history,3,inventory,0.041,0.021,
long-history,3,bound,0.352,,
long-history,3,accepted,0.47,,
long-history,3,baseline,0.864,0.354,
long-history,3,adapter_dispatch,0.875,,
long-history,3,first_activity,23.557,,
long-history,3,first_text,45.188,,
long-history,3,native_done,65.019,,
long-history,3,verification,65.51,0.162,
long-history,3,artifacts,65.557,0.021,
long-history,3,finished,66.141,,done
long-history,4,inventory,0.027,0.012,
long-history,4,bound,0.271,,
long-history,4,accepted,0.37,,
long-history,4,baseline,0.609,0.194,
long-history,4,adapter_dispatch,0.615,,
long-history,4,first_activity,24.203,,
long-history,4,first_text,44.807,,
long-history,4,native_done,66.262,,
long-history,4,verification,66.647,0.155,
long-history,4,artifacts,66.714,0.036,
long-history,4,finished,67.471,,done
long-history,5,inventory,0.04,0.02,
long-history,5,bound,0.478,,
long-history,5,accepted,0.636,,
long-history,5,baseline,1.001,0.31,
long-history,5,adapter_dispatch,1.01,,
long-history,5,first_activity,24.472,,
long-history,5,first_text,46.107,,
long-history,5,native_done,66.801,,
long-history,5,verification,67.187,0.163,
long-history,5,artifacts,67.238,0.022,
long-history,5,finished,68.101,,done
long-history,6,inventory,0.042,0.022,
long-history,6,bound,0.443,,
long-history,6,accepted,0.591,,
long-history,6,baseline,0.92,0.28,
long-history,6,adapter_dispatch,0.928,,
long-history,6,first_activity,23.57,,
long-history,6,first_text,45.204,,
long-history,6,native_done,66.115,,
long-history,6,verification,66.414,0.134,
long-history,6,artifacts,66.456,0.022,
long-history,6,finished,67.232,,done
long-history,7,inventory,0.035,0.014,
long-history,7,bound,0.309,,
long-history,7,accepted,0.428,,
long-history,7,baseline,0.69,0.224,
long-history,7,adapter_dispatch,0.696,,
long-history,7,first_activity,24.55,,
long-history,7,first_text,46.257,,
long-history,7,native_done,67.278,,
long-history,7,verification,67.719,0.169,
long-history,7,artifacts,67.768,0.025,
long-history,7,finished,68.602,,done
long-history,8,inventory,0.044,0.023,
long-history,8,bound,0.405,,
long-history,8,accepted,0.55,,
long-history,8,baseline,0.907,0.276,
long-history,8,adapter_dispatch,0.921,,
long-history,8,first_activity,24.554,,
long-history,8,first_text,44.709,,
long-history,8,native_done,66.44,,
long-history,8,verification,66.715,0.12,
long-history,8,artifacts,66.755,0.023,
long-history,8,finished,67.424,,done
long-history,9,inventory,0.061,0.03,
long-history,9,bound,0.5,,
long-history,9,accepted,0.645,,
long-history,9,baseline,0.925,0.235,
long-history,9,adapter_dispatch,0.932,,
long-history,9,first_activity,23.82,,
long-history,9,first_text,45.39,,
long-history,9,native_done,65.975,,
long-history,9,verification,66.301,0.141,
long-history,9,artifacts,66.336,0.018,
long-history,9,finished,67.148,,done
long-history,10,inventory,0.047,0.022,
long-history,10,bound,0.395,,
long-history,10,accepted,0.576,,
long-history,10,baseline,1.151,0.476,
long-history,10,adapter_dispatch,1.165,,
long-history,10,first_activity,24.696,,
long-history,10,first_text,45.541,,
long-history,10,native_done,66.843,,
long-history,10,verification,67.533,0.382,
long-history,10,artifacts,67.63,0.061,
long-history,10,finished,69.219,,done
long-history,11,inventory,0.087,0.048,
long-history,11,bound,0.829,,
long-history,11,accepted,1.081,,
long-history,11,baseline,1.68,0.507,
long-history,11,adapter_dispatch,1.691,,
long-history,11,first_activity,23.953,,
long-history,11,first_text,45.754,,
long-history,11,native_done,67.276,,
long-history,11,verification,67.757,0.187,
long-history,11,artifacts,67.826,0.044,
long-history,11,finished,69.038,,done
long-history,12,inventory,0.041,0.022,
long-history,12,bound,0.397,,
long-history,12,accepted,0.55,,
long-history,12,baseline,0.943,0.339,
long-history,12,adapter_dispatch,0.953,,
long-history,12,first_activity,25.542,,
long-history,12,first_text,47.17,,
long-history,12,native_done,67.572,,
long-history,12,verification,68.21,0.335,
long-history,12,artifacts,68.281,0.033,
long-history,12,finished,69.178,,done
long-history,13,inventory,0.039,0.019,
long-history,13,bound,0.367,,
long-history,13,accepted,0.611,,
long-history,13,baseline,1.307,0.623,
long-history,13,adapter_dispatch,1.318,,
long-history,13,first_activity,24.196,,
long-history,13,first_text,44.75,,
long-history,13,native_done,66.376,,
long-history,13,verification,66.782,0.166,
long-history,13,artifacts,66.829,0.024,
long-history,13,finished,67.502,,done
long-history,14,inventory,0.057,0.029,
long-history,14,bound,0.512,,
long-history,14,accepted,0.696,,
long-history,14,baseline,1.059,0.305,
long-history,14,adapter_dispatch,1.067,,
long-history,14,first_activity,24.181,,
long-history,14,first_text,45.688,,
long-history,14,native_done,66.337,,
long-history,14,verification,67.109,0.262,
long-history,14,artifacts,67.181,0.036,
long-history,14,finished,67.901,,done
long-history,15,inventory,0.036,0.018,
long-history,15,bound,0.342,,
long-history,15,accepted,0.46,,
long-history,15,baseline,0.721,0.226,
long-history,15,adapter_dispatch,0.727,,
long-history,15,first_activity,23.81,,
long-history,15,first_text,44.716,,
long-history,15,native_done,65.571,,
long-history,15,verification,66.044,0.127,
long-history,15,artifacts,66.079,0.014,
long-history,15,finished,66.679,,done
long-history,16,inventory,0.045,0.024,
long-history,16,bound,0.44,,
long-history,16,accepted,0.581,,
long-history,16,baseline,0.912,0.281,
long-history,16,adapter_dispatch,0.92,,
long-history,16,first_activity,23.129,,
long-history,16,first_text,43.791,,
long-history,16,native_done,65.096,,
long-history,16,verification,65.431,0.133,
long-history,16,artifacts,65.468,0.021,
long-history,16,finished,66.07,,done
long-history,17,inventory,0.031,0.016,
long-history,17,bound,0.392,,
long-history,17,accepted,0.54,,
long-history,17,baseline,1.028,0.437,
long-history,17,adapter_dispatch,1.037,,
long-history,17,first_activity,24.421,,
long-history,17,first_text,45.801,,
long-history,17,native_done,66.55,,
long-history,17,verification,66.996,0.166,
long-history,17,artifacts,67.04,0.021,
long-history,17,finished,70.347,,done
long-history,18,inventory,0.036,0.018,
long-history,18,bound,0.292,,
long-history,18,accepted,0.391,,
long-history,18,baseline,0.609,0.18,
long-history,18,adapter_dispatch,0.614,,
long-history,18,first_activity,23.403,,
long-history,18,first_text,45.268,,
long-history,18,native_done,67.326,,
long-history,18,verification,69.24,0.271,
long-history,18,artifacts,69.303,0.018,
long-history,18,finished,70.127,,done
long-history,19,inventory,0.046,0.022,
long-history,19,bound,0.411,,
long-history,19,accepted,0.598,,
long-history,19,baseline,1.036,0.388,
long-history,19,adapter_dispatch,1.046,,
long-history,19,first_activity,24.2,,
long-history,19,first_text,45.848,,
long-history,19,native_done,67.759,,
long-history,19,verification,68.678,0.344,
long-history,19,artifacts,68.761,0.049,
long-history,19,finished,69.72,,done
long-history,20,inventory,0.076,0.042,
long-history,20,bound,0.733,,
long-history,20,accepted,0.95,,
long-history,20,baseline,1.677,0.671,
long-history,20,adapter_dispatch,1.685,,
long-history,20,first_activity,24.698,,
long-history,20,first_text,45.365,,
long-history,20,native_done,66.289,,
long-history,20,verification,66.903,0.254,
long-history,20,artifacts,66.995,0.038,
long-history,20,finished,68.131,,done
long-history,21,inventory,0.039,0.02,
long-history,21,bound,0.389,,
long-history,21,accepted,0.527,,
long-history,21,baseline,0.818,0.25,
long-history,21,adapter_dispatch,0.825,,
long-history,21,first_activity,22.344,,
long-history,21,first_text,44.099,,
long-history,21,native_done,65.49,,
long-history,21,verification,65.792,0.126,
long-history,21,artifacts,65.824,0.015,
long-history,21,finished,66.423,,done
long-history,22,inventory,0.028,0.014,
long-history,22,bound,0.278,,
long-history,22,accepted,0.385,,
long-history,22,baseline,0.602,0.178,
long-history,22,adapter_dispatch,0.607,,
long-history,22,first_activity,22.307,,
long-history,22,first_text,43.491,,
long-history,22,native_done,64.922,,
long-history,22,verification,65.201,0.125,
long-history,22,artifacts,65.24,0.018,
long-history,22,finished,65.836,,done
long-history,23,inventory,0.039,0.017,
long-history,23,bound,0.471,,
long-history,23,accepted,0.613,,
long-history,23,baseline,0.914,0.257,
long-history,23,adapter_dispatch,0.921,,
long-history,23,first_activity,23.853,,
long-history,23,first_text,44.622,,
long-history,23,native_done,66.363,,
long-history,23,verification,66.876,0.199,
long-history,23,artifacts,66.933,0.028,
long-history,23,finished,67.732,,done
long-history,24,inventory,0.046,0.024,
long-history,24,bound,0.816,,
long-history,24,accepted,1.03,,
long-history,24,baseline,1.551,0.457,
long-history,24,adapter_dispatch,1.562,,
long-history,24,first_activity,23.668,,
long-history,24,first_text,45.491,,
long-history,24,native_done,67.377,,
long-history,24,verification,67.907,0.201,
long-history,24,artifacts,67.96,0.027,
long-history,24,finished,69.073,,done
long-history,25,inventory,0.036,0.018,
long-history,25,bound,0.367,,
long-history,25,accepted,0.486,,
long-history,25,baseline,0.77,0.246,
long-history,25,adapter_dispatch,0.777,,
long-history,25,first_activity,22.909,,
long-history,25,first_text,44.13,,
long-history,25,native_done,65.439,,
long-history,25,verification,65.991,0.202,
long-history,25,artifacts,66.077,0.048,
long-history,25,finished,67.158,,done
long-history,26,inventory,0.037,0.018,
long-history,26,bound,0.34,,
long-history,26,accepted,0.462,,
long-history,26,baseline,0.744,0.226,
long-history,26,adapter_dispatch,0.75,,
long-history,26,first_activity,23.831,,
long-history,26,first_text,45.651,,
long-history,26,native_done,67.535,,
long-history,26,verification,68.303,0.171,
long-history,26,artifacts,68.348,0.022,
long-history,26,finished,69.247,,done
long-history,27,inventory,0.046,0.023,
long-history,27,bound,0.713,,
long-history,27,accepted,0.888,,
long-history,27,baseline,1.262,0.305,
long-history,27,adapter_dispatch,1.27,,
long-history,27,first_activity,25.102,,
long-history,27,first_text,46.664,,
long-history,27,native_done,67.442,,
long-history,27,verification,68.069,0.216,
long-history,27,artifacts,68.106,0.016,
long-history,27,finished,69.564,,done
long-history,28,inventory,0.127,0.097,
long-history,28,bound,0.618,,
long-history,28,accepted,0.794,,
long-history,28,baseline,1.453,0.574,
long-history,28,adapter_dispatch,1.475,,
long-history,28,first_activity,23.218,,
long-history,28,first_text,43.798,,
long-history,28,native_done,65.728,,
long-history,28,verification,66.182,0.151,
long-history,28,artifacts,66.218,0.016,
long-history,28,finished,66.882,,done
long-history,29,inventory,0.049,0.02,
long-history,29,bound,0.433,,
long-history,29,accepted,0.558,,
long-history,29,baseline,0.832,0.227,
long-history,29,adapter_dispatch,0.839,,
long-history,29,first_activity,23.631,,
long-history,29,first_text,44.16,,
long-history,29,native_done,65.718,,
long-history,29,verification,66.187,0.189,
long-history,29,artifacts,66.238,0.021,
long-history,29,finished,67.107,,done
