revision,scenario,index,accepted,firstActivity,firstAnswerReceived,terminal,sendToFakeAgentStart,afterNativeDone
before,plain,-2,11.816,32.544,54.8,82.022,10.684,6.462
before,plain,-1,6.084,25.99,46.791,70.855,4.689,2.538
before,plain,0,7.124,28.157,49.852,73.425,6.123,1.804
before,plain,1,3.718,24.305,46.019,68.127,3.204,1.726
before,plain,2,3.15,24.766,46.411,69.328,2.818,2.51
before,plain,3,2.421,24.158,45.473,68.122,2.183,1.85
before,plain,4,2.817,22.571,44.256,67.377,2.493,1.848
before,plain,5,3.463,24.43,45.127,68.112,3.124,2.515
before,plain,6,5.089,26.279,47.155,70.127,4.334,2.647
before,plain,7,5.169,23.959,45.786,68.598,4.228,2.28
before,plain,8,3.691,25.694,46.579,69.013,3.389,1.937
before,plain,9,2.68,23.482,44.945,67.253,2.26,1.951
before,plain,10,2.424,23.071,45.002,68.512,2.19,2.072
before,plain,11,2.755,24.233,45.097,68.18,2.42,2.463
before,plain,12,3.576,25.138,46.22,70.349,3.252,3.828
before,plain,13,4.221,25.998,47.627,70.06,3.86,2.076
before,plain,14,2.952,23.526,45.257,68.239,2.631,1.753
before,plain,15,3.315,24.933,45.774,70.265,2.85,3.073
before,plain,16,3.902,25.298,46.878,69.502,3.406,1.379
before,plain,17,5.43,26.166,46.881,71.183,5.003,2.79
before,plain,18,4.004,24.828,46.447,69.506,3.599,1.694
before,plain,19,2.691,24.703,45.401,68.981,2.398,3.177
before,plain,20,1.961,22.666,43.245,65.75,1.701,1.252
before,plain,21,2.456,24.509,46.35,69.568,2.208,1.889
before,plain,22,4.114,25.377,46.981,68.817,3.336,1.604
before,plain,23,4.713,26.477,47.988,69.188,4.193,1.24
before,plain,24,2.339,22.858,44.658,66.588,2.056,1.281
before,plain,25,2.565,25.168,45.948,68.654,2.314,1.553
before,plain,26,3.627,25.392,45.875,68.16,3.322,1.183
before,plain,27,4.773,25.498,46.017,70.091,3.912,2.345
before,plain,28,3.037,23.881,44.749,68.169,2.728,2.272
before,plain,29,2.622,23.284,45.263,68.925,2.177,2.387
before,bot,-2,3.245,23.757,45.375,69.126,2.667,3.051
before,bot,-1,4.604,25.399,46.242,68.778,3.614,2.244
before,bot,0,2.982,23.518,45.291,66.838,2.171,1.586
before,bot,1,3.822,25.462,46.243,68.745,3.244,2.265
before,bot,2,8.442,29.019,50.792,72.888,7.5,1.859
before,bot,3,4.532,25.169,45.708,69.658,3.628,2.463
before,bot,4,2.94,23.646,45.462,68.263,2.394,1.736
before,bot,5,3.74,25.184,46.521,68.804,3.23,2.036
before,bot,6,3.398,23.593,43.276,64.767,2.845,1.252
before,bot,7,3.2,23.861,45.62,66.848,2.37,1.116
before,bot,8,3.424,23.762,45.459,67.71,2.666,1.814
before,bot,9,7.44,27.77,49.292,73.113,6.478,3.566
before,bot,10,15.269,34.786,55.865,78.692,12.702,2.847
before,bot,11,16.466,32.117,53.655,75.447,11.047,1.472
before,bot,12,2.609,24.217,44.932,67.721,2.142,2.344
before,bot,13,3.793,24.612,46.44,68.606,3.028,1.896
before,bot,14,6.879,27.829,49.442,71.124,5.646,2.341
before,bot,15,9.573,29.631,50.338,74.296,7.455,3.86
before,bot,16,6.994,26.943,47.742,70.27,5.199,2.188
before,bot,17,6.589,26.653,48.472,71.578,5.273,1.793
before,bot,18,12.762,33.347,54.089,77.158,11.326,2.402
before,bot,19,8.105,30.978,49.25,74.013,6.847,3.302
before,bot,20,9.29,29.643,50.622,72.827,7.535,2.157
before,bot,21,8.877,26.485,47.56,70.764,5.634,1.782
before,bot,22,6.355,27.415,48.119,71.076,5.331,2.616
before,bot,23,6.486,26.621,47.453,68.487,5.039,1.676
before,bot,24,7.829,28.299,49.964,80.918,6.481,7.897
before,bot,25,15.832,33.784,54.34,77.402,12.009,2.721
before,bot,26,24.602,41.154,63.528,86.835,20.008,2.943
before,bot,27,9.681,30.75,51.767,89.199,8.864,14.745
before,bot,28,11.137,32.313,53.452,75.167,8.771,2.013
before,bot,29,8.031,28.326,49.595,73.444,6.542,2.978
before,small-git,-2,7.814,189.645,210.359,398.816,167.899,167.318
before,small-git,-1,9.132,269.615,291.467,495.233,247.497,182.343
before,small-git,0,10.218,192.124,213.798,354.781,170.453,120.812
before,small-git,1,3.343,154.744,176.13,338.155,132.568,140.743
before,small-git,2,5.648,214.027,234.64,371.277,192.346,116.365
before,small-git,3,4.347,145.043,166.779,359.887,123.405,172.309
before,small-git,4,10.473,174.889,196.48,341.2,153.393,124.514
before,small-git,5,4.981,289.682,310.58,469.697,267.654,138.839
before,small-git,6,7.742,160.082,180.668,456.808,139.053,255.393
before,small-git,7,13.521,369.133,389.936,532.824,346.746,121.545
before,small-git,8,6.386,138.672,158.443,334.19,117.181,154.562
before,small-git,9,12.11,196.324,216.956,355.631,174.605,117.859
before,small-git,10,3.468,132.19,152.111,296.481,110.454,124.424
before,small-git,11,3.248,143.106,164.564,382.328,121.331,196.544
before,small-git,12,6.116,167.285,188.769,333.738,146.375,123.715
before,small-git,13,8.825,150.932,171.976,380.588,129.177,188.293
before,small-git,14,6.379,170.622,191.292,335.339,149.479,122.766
before,small-git,15,6.513,163.249,183.782,338.881,141.385,134.785
before,small-git,16,10.367,221.101,242.72,474.029,200.463,210.841
before,small-git,17,7.998,203.042,224.554,365.446,181.412,121.189
before,small-git,18,6.162,167.301,187.907,341.018,147.045,131.844
before,small-git,19,8.264,175.619,197.428,403.215,153.085,185.541
before,small-git,20,5.351,161.74,182.326,322.13,139.891,118.809
before,small-git,21,7.004,144.886,164.534,395.589,123.173,210.617
before,small-git,22,6.995,175.627,197.509,373.471,153.76,154.644
before,small-git,23,7.385,185.162,206.121,359.052,163.338,131.645
before,small-git,24,6.351,175.513,198.399,378.727,152.953,159.073
before,small-git,25,7.127,162.212,184.018,349.094,141.267,144.827
before,small-git,26,4.801,213.882,234.426,395.667,192.241,140.812
before,small-git,27,4.911,174.786,196.794,398.515,153.783,180.396
before,small-git,28,7.297,222.805,244.629,420.419,201.194,155.582
before,small-git,29,5.105,202.937,224.644,364.636,181.994,118.741
before,large-git,-2,3.792,456.305,476.336,786.508,434.297,289.972
before,large-git,-1,7.547,263.152,284.75,669.45,241.681,363.458
before,large-git,0,5.019,276.468,297.391,640.453,254.767,322.996
before,large-git,1,4.289,277.596,299.283,585.717,255.554,265.393
before,large-git,2,9.105,346.83,367.138,666.007,325.034,278.276
before,large-git,3,5.081,284.574,304.15,651.313,262.728,326.358
before,large-git,4,5.657,276.327,296.912,651.17,254.084,333.007
before,large-git,5,6.323,301.556,322.205,593.653,279.787,251.518
before,large-git,6,11.281,614.272,637.119,904.527,568.41,246.041
before,large-git,7,7.37,390.813,412.553,778.753,368.362,346.132
before,large-git,8,8.79,416.746,439.468,760.135,395.241,298.411
before,large-git,9,12.853,961.373,974.848,1696.641,931.354,701.921
before,large-git,10,8.671,631.72,652.842,1291.451,607.253,618.262
before,large-git,11,9.936,905.732,929.181,1643.346,883.848,692.771
before,large-git,12,13.572,611.918,633.898,1287.668,588.561,633.024
before,large-git,13,14.945,922.467,960.55,1827.539,899.284,851.44
before,large-git,14,14.526,907.806,930.336,1947.841,882.585,997.623
before,large-git,15,18.334,1290.623,1311.197,2052.752,1267.234,720.156
before,large-git,16,9.05,586.445,606.079,1206.887,565.038,581.241
before,large-git,17,10.149,921.721,943.69,1797.317,900.315,834.486
before,large-git,18,21.702,683.684,706.092,1394.231,660.71,665.676
before,large-git,19,24.16,706.613,728.626,1315.424,681.569,565.502
before,large-git,20,14.036,685.138,707.015,1418.052,663.469,688.455
before,large-git,21,12.098,489.364,511.645,1066.652,468.129,533.709
before,large-git,22,8.75,812.982,836.524,1263.298,789.52,405.398
before,large-git,23,6.496,420.49,441.602,857.289,397.23,394.952
before,large-git,24,8.263,405.127,426.247,928.915,383.879,481.211
before,large-git,25,7.563,391.814,414.503,712.821,369.993,277.579
before,large-git,26,8.813,348.037,370.636,690.084,326.328,298.239
before,large-git,27,9.612,375.568,397.046,691.336,355.3,272.113
before,large-git,28,14.017,409.435,430.89,834.163,386.632,380.842
before,large-git,29,10.908,437.465,458.36,889.443,414.854,409.737
before,long-history,-2,9.505,30.461,53.177,79.335,8.503,3.783
before,long-history,-1,9.098,28.465,50.554,73.982,8.18,2.167
before,long-history,0,8.916,30.392,53.428,78.622,8.049,2.761
before,long-history,1,8.809,30.031,51.811,76.972,7.169,2.773
before,long-history,2,5.53,28.433,51.253,76.205,5.169,2.735
before,long-history,3,6.694,26.668,49.295,71.802,4.803,2.292
before,long-history,4,7.257,28.462,50.092,71.733,6.904,1.897
before,long-history,5,8.517,30.642,53.915,78.941,7.744,2.857
before,long-history,6,13.515,35.411,56.7,80.951,12.575,2.844
before,long-history,7,10.325,30.484,50.903,79.79,9.033,7.273
before,long-history,8,16.341,38.837,60.912,84.374,15.533,2.158
before,long-history,9,10.251,32.434,55.063,78.683,9.052,2.415
before,long-history,10,5.498,25.806,48.028,72.126,5.009,3.427
before,long-history,11,6.351,27.565,48.146,71.926,5.832,2.782
before,long-history,12,5.362,26.461,47.971,72.069,5.03,1.906
before,long-history,13,4.487,26.149,48.724,73.649,3.482,2.592
before,long-history,14,3.59,25.745,46.62,70.849,3.281,1.987
before,long-history,15,4.798,27.061,48.678,75.503,4.304,4.585
before,long-history,16,11.241,31.636,53.604,78.036,10.057,3.121
before,long-history,17,9.865,32.454,55.362,86.366,8.926,9.655
before,long-history,18,5.786,26.252,47.171,71.684,5.323,2.302
before,long-history,19,6.928,28.276,50.461,74.109,6.166,2.419
before,long-history,20,10.383,30.707,53.445,79.403,9.319,3.504
before,long-history,21,7.659,30.591,53.29,76.178,7.157,1.666
before,long-history,22,3.504,25.477,45.623,68.913,3.305,1.908
before,long-history,23,4.235,26.898,49.694,72.418,3.879,1.608
before,long-history,24,4.443,26.093,47.613,69.539,4.135,1.918
before,long-history,25,6.478,28.36,51.092,76.286,5.98,2.929
before,long-history,26,9.015,30.709,52.858,77.073,8.437,2.777
before,long-history,27,13.583,35.585,58.389,81.882,12.734,2.107
before,long-history,28,7.355,29.064,49.385,73.79,6.933,2.117
before,long-history,29,7.294,27.278,48.604,71.655,6.238,1.721
after,plain,-2,31.369,50.535,72.826,100.645,29.032,7.373
after,plain,-1,8.061,29.21,51.819,75.245,7.124,2.654
after,plain,0,10.965,32.296,53.094,76.852,9.849,2.209
after,plain,1,6.026,26.731,46.969,70.035,5.554,2.669
after,plain,2,4.107,31.101,44.972,67.796,3.525,2.374
after,plain,3,6.173,26.996,49.775,75.816,5.616,4.578
after,plain,4,4.639,26.515,47.409,70.851,4.231,2.265
after,plain,5,14.284,34.79,57.961,89.939,12.794,11.269
after,plain,6,9.356,29.353,50.461,75.31,7.774,4.467
after,plain,7,5.465,26.622,48.137,73.214,4.364,3.188
after,plain,8,4.182,26.164,48.128,71.208,3.763,1.582
after,plain,9,3.397,23.801,45.606,68.98,3.028,1.947
after,plain,10,4.671,25.566,46.125,69.278,4.123,1.881
after,plain,11,2.962,24.995,45.754,67.536,2.618,1.53
after,plain,12,3.358,25.421,46.998,69.233,2.949,2.053
after,plain,13,2.813,23.932,45.795,67.837,2.405,1.796
after,plain,14,5.943,27.947,48.968,73.174,5.502,2.945
after,plain,15,14.398,41.672,65.208,108.784,13.337,13.845
after,plain,16,7.733,28.166,50.156,72.898,6.907,2.551
after,plain,17,6.041,27.48,48.556,70.975,5.472,2.478
after,plain,18,10.27,31.866,54.108,76.907,9.682,2.635
after,plain,19,10.219,31.286,52.392,76.85,9.377,3.289
after,plain,20,9.155,31.62,52.849,75.946,8.597,3.129
after,plain,21,3.895,27.508,49.601,72.175,3.396,1.898
after,plain,22,24.904,47.607,67.86,91.863,24.393,3.517
after,plain,23,4.906,24.956,46.69,70.491,4.158,2.402
after,plain,24,6.22,27.351,48.296,70.749,5.557,2.159
after,plain,25,5.066,26.887,48.697,70.483,4.589,1.565
after,plain,26,4.204,25.088,46.004,68.877,3.598,1.55
after,plain,27,3.63,24.407,46.111,69.253,3.011,2.327
after,plain,28,4.158,25.653,46.324,69.044,3.614,2.369
after,plain,29,2.81,23.697,45.442,68.121,2.497,1.446
after,bot,-2,5.033,25.723,47.342,69.691,4.044,2.125
after,bot,-1,2.549,24.084,44.901,66.909,1.994,1.625
after,bot,0,3.432,24.286,44.945,67.656,2.843,1.434
after,bot,1,5.546,26.73,47.437,70.194,4.577,3.156
after,bot,2,16.762,34.28,81.417,108.189,11.606,7.126
after,bot,3,22.097,43.196,65.186,89.646,20.551,3.935
after,bot,4,9.667,29.878,65.202,90.24,8.473,4.337
after,bot,5,22.411,42.501,63.654,99.594,20.218,14.611
after,bot,6,30.057,45.996,67.679,92.92,23.835,3.803
after,bot,7,7.578,27.784,48.555,70.841,6.333,1.919
after,bot,8,3.131,24.761,46.544,68.289,2.567,1.343
after,bot,9,3.708,24.247,46.036,69.053,2.753,1.635
after,bot,10,2.933,23.545,45.361,67.108,2.163,1.505
after,bot,11,4.14,24.089,46.142,68.884,3.392,1.286
after,bot,12,3.25,23.981,45.701,68.832,2.621,1.822
after,bot,13,4.113,24.479,44.498,66.775,3.274,2.034
after,bot,14,4.504,26.012,46.73,69.77,3.741,1.802
after,bot,15,6.309,24.445,45.139,67.698,2.812,1.379
after,bot,16,3.019,23.532,44.899,66.028,2.522,1.353
after,bot,17,3.23,23.822,45.376,67.77,2.575,1.189
after,bot,18,9.581,32.189,68.459,265.835,8.203,170.959
after,bot,19,11.564,31.818,109.707,128.917,10.035,1.787
after,bot,20,6.154,26.787,48.817,71.416,3.915,2.204
after,bot,21,7.384,27.823,48.489,71.628,6.356,2.55
after,bot,22,10.185,30.948,51.862,75.281,9.114,2.865
after,bot,23,7.003,26.992,48.991,72.789,5.171,2.481
after,bot,24,9.214,29.708,51.863,78.499,7.288,5.324
after,bot,25,7.295,27.479,48.207,70.531,5.826,1.713
after,bot,26,5.83,26.543,48.539,71.592,4.862,1.529
after,bot,27,5.307,25.778,47.436,69.455,3.989,1.804
after,bot,28,8.907,29.436,50.118,72.843,7.429,2.423
after,bot,29,7.708,28.425,49.169,72.945,6.469,2.776
after,small-git,-2,10.294,161.002,181.832,401.261,139.057,198.19
after,small-git,-1,6.349,249.952,274.306,659.459,228.151,366.454
after,small-git,0,22.453,273.183,295.697,651.319,251.83,334.93
after,small-git,1,20.078,368.633,401.904,805.591,345.2,384.108
after,small-git,2,24.219,193.28,214.591,601.35,170.147,365.864
after,small-git,3,9.686,196.918,218.561,484.535,166.625,245.432
after,small-git,4,8.155,154.919,176.496,438.066,133.272,241.308
after,small-git,5,22.863,186.784,209.648,520.985,164.749,289.519
after,small-git,6,6.198,117.338,139.338,482.877,95.25,323.175
after,small-git,7,8.942,200.077,220.896,586.36,178.18,345.28
after,small-git,8,22.977,171.078,193.501,605.824,149.744,391.503
after,small-git,9,20.306,283.709,304.535,604.832,261.974,279.547
after,small-git,10,22.953,183.773,204.997,827.542,162.597,602.791
after,small-git,11,40.969,395.418,416.532,876.035,367.811,439.022
after,small-git,12,9.95,172.235,194.006,449.583,149.596,235.357
after,small-git,13,13.427,151.888,173.263,432.735,130.04,233.431
after,small-git,14,26.344,147.404,169.269,368.768,125.657,178.586
after,small-git,15,13.39,115.801,136.881,391.229,93.915,234.369
after,small-git,16,18.88,176.138,197.375,753.428,154.285,536.081
after,small-git,17,41.285,166.213,187.048,510.221,144.345,303.582
after,small-git,18,18.426,206.806,227.593,442.855,185.682,193.986
after,small-git,19,6.894,140.876,162.595,455.28,118.435,271.405
after,small-git,20,11.705,149.529,171.565,381.08,127.813,189.239
after,small-git,21,10.266,160.88,182.642,368.659,139.898,164.486
after,small-git,22,9.093,136.038,157.717,464.21,115.116,286.089
after,small-git,23,15.521,157.971,179.869,348.578,136.026,147.39
after,small-git,24,9.968,130.788,151.536,418.467,110.101,246.096
after,small-git,25,14.132,140.213,161.456,375.236,118.329,193.506
after,small-git,26,17.616,138.915,159.849,416.017,117.568,236.916
after,small-git,27,17.304,140.144,161.835,322.027,119.423,139.928
after,small-git,28,5.457,104.396,125.112,401.03,82.555,255.738
after,small-git,29,22.218,148.737,170.064,317.754,127.041,127.428
after,large-git,-2,8.977,408.272,428.954,1171.249,387.067,721.055
after,large-git,-1,13.7,323.142,344.248,862.068,301.86,497.962
after,large-git,0,7.974,276.991,298.665,884.646,254.955,566.236
after,large-git,1,14.26,328.775,349.434,713.593,307.069,342.964
after,large-git,2,6.068,348.771,369.839,720.788,326.374,330.894
after,large-git,3,9.783,295.955,316.736,662.125,274.483,322.661
after,large-git,4,9.226,598.894,621.315,1445.555,577.208,803.03
after,large-git,5,38.321,736.711,757.875,1998.858,712.487,1218.827
after,large-git,6,33.882,498.803,520.223,867.315,476.858,326.831
after,large-git,7,12.271,396.823,418.635,863.504,375.263,424.93
after,large-git,8,14.644,349.799,371.615,944.329,327.675,552.477
after,large-git,9,13.751,464.187,485.594,795.901,442.628,289.627
after,large-git,10,16.448,297.429,318.425,819.284,276.109,481.121
after,large-git,11,9.079,297.027,317.73,640.452,275.459,301.394
after,large-git,12,6.966,571.798,593.347,1108.71,490.026,491.894
after,large-git,13,17.577,491.671,513.139,985.961,469.655,452.854
after,large-git,14,11.476,272.72,293.525,569.617,251.206,255.76
after,large-git,15,11.516,246.444,267.528,552.29,224.789,263.501
after,large-git,16,9.797,350.82,371.872,667.846,329.123,274.731
after,large-git,17,7.801,257.225,279.318,540.123,236.444,240.655
after,large-git,18,9.819,217.193,238.837,517.234,196.466,258.245
after,large-git,19,12.993,433.791,455.233,859.541,411.913,382.787
after,large-git,20,4.772,171.24,193.547,487.675,149.875,273.689
after,large-git,21,8.495,285.022,306.815,646.371,263.146,318.642
after,large-git,22,5.376,183.482,204.054,814.719,161.906,589.491
after,large-git,23,14.322,603.356,623.409,1037.056,581.594,393.465
after,large-git,24,4.308,185.933,207.765,524.386,164.296,297.228
after,large-git,25,9.305,214.594,235.182,631.071,192.822,374.701
after,large-git,26,5.416,167.729,188.797,449.579,146.063,240.558
after,large-git,27,13.761,375.898,396.886,713.447,354.398,296.33
after,large-git,28,7.063,214.951,236.826,517.484,193.537,260.161
after,large-git,29,6.044,228.567,249.252,499.318,206.611,229.652
after,long-history,-2,6.157,27.988,48.733,71.342,5.643,2.247
after,long-history,-1,7.615,28.612,49.41,72.923,6.976,2.266
after,long-history,0,8.123,29.207,49.95,72.035,7.551,1.838
after,long-history,1,5.767,26.398,47.855,69.329,5.344,1.435
after,long-history,2,3.896,24.509,45.931,67.938,3.541,1.78
after,long-history,3,4.971,25.78,47.258,68.184,4.495,1.431
after,long-history,4,3.842,25.608,45.876,68.572,3.563,1.523
after,long-history,5,4.065,25.804,47.45,69.402,3.718,1.749
after,long-history,6,4.46,25.215,47.158,68.875,4.088,1.514
after,long-history,7,4.406,26.232,48.223,70.214,3.95,1.739
after,long-history,8,5.307,26.833,47.205,69.688,4.919,1.351
after,long-history,9,4.103,25.322,46.703,68.484,3.813,1.538
after,long-history,10,5.086,26.182,47.172,70.483,4.444,2.85
after,long-history,11,5.837,26.025,47.707,70.839,5.429,2.12
after,long-history,12,5.207,27.027,48.49,70.367,4.735,1.833
after,long-history,13,4.567,25.384,45.986,68.807,4.103,1.618
after,long-history,14,4.209,25.848,47.418,69.466,3.921,1.838
after,long-history,15,3.221,25.276,45.914,67.831,3.044,1.504
after,long-history,16,3.839,24.65,45.954,67.344,3.564,1.241
after,long-history,17,4.52,25.473,47.067,71.361,4.216,4.021
after,long-history,18,3.151,24.73,46.429,71.358,2.909,3.281
after,long-history,19,5.53,26.329,48.1,71.979,5.12,2.555
after,long-history,20,6.763,27.506,48.491,70.929,5.928,2.201
after,long-history,21,3.655,23.898,45.276,67.652,3.375,1.267
after,long-history,22,2.718,23.197,44.488,66.707,2.546,1.219
after,long-history,23,3.54,24.965,45.939,69.002,3.291,1.771
after,long-history,24,4.416,25.282,47.169,70.859,4.082,2.417
after,long-history,25,4.398,25.096,46.319,69.409,4.04,2.141
after,long-history,26,3.576,25.622,48.049,71.111,3.394,2.479
after,long-history,27,4.743,26.4,48.136,70.791,4.13,2.435
after,long-history,28,5.457,25.425,46.147,69.128,5.036,1.554
after,long-history,29,3.096,24.577,45.259,67.992,2.905,1.639
