phase,sample,operation,wall_ms,git_processes,remote_clones,baseline_clones,fetch_or_ls_remote
initial,1,new_task,1143.081,10,1,1,0
initial,1,reuse,27.901,1,0,0,0
warmup,2,new_task,360.307,13,0,1,0
warmup,2,reuse,19.041,1,0,0,0
warmup,3,new_task,382.334,13,0,1,0
warmup,3,reuse,25.570,1,0,0,0
warm,1,new_task,367.349,13,0,1,0
warm,1,reuse,29.850,1,0,0,0
warm,2,new_task,548.949,13,0,1,0
warm,2,reuse,36.843,1,0,0,0
warm,3,new_task,514.294,13,0,1,0
warm,3,reuse,42.258,1,0,0,0
warm,4,new_task,671.789,13,0,1,0
warm,4,reuse,35.842,1,0,0,0
warm,5,new_task,536.043,13,0,1,0
warm,5,reuse,41.969,1,0,0,0
warm,6,new_task,526.369,13,0,1,0
warm,6,reuse,34.660,1,0,0,0
warm,7,new_task,529.724,13,0,1,0
warm,7,reuse,24.193,1,0,0,0
warm,8,new_task,492.291,13,0,1,0
warm,8,reuse,26.686,1,0,0,0
warm,9,new_task,459.994,13,0,1,0
warm,9,reuse,35.924,1,0,0,0
warm,10,new_task,590.118,13,0,1,0
warm,10,reuse,28.438,1,0,0,0
warm,11,new_task,522.772,13,0,1,0
warm,11,reuse,37.763,1,0,0,0
warm,12,new_task,574.381,13,0,1,0
warm,12,reuse,34.122,1,0,0,0
warm,13,new_task,560.131,13,0,1,0
warm,13,reuse,29.758,1,0,0,0
warm,14,new_task,534.128,13,0,1,0
warm,14,reuse,35.766,1,0,0,0
warm,15,new_task,573.081,13,0,1,0
warm,15,reuse,25.760,1,0,0,0
warm,16,new_task,581.139,13,0,1,0
warm,16,reuse,101.478,1,0,0,0
warm,17,new_task,504.788,13,0,1,0
warm,17,reuse,27.762,1,0,0,0
warm,18,new_task,456.426,13,0,1,0
warm,18,reuse,22.852,1,0,0,0
warm,19,new_task,530.863,13,0,1,0
warm,19,reuse,35.832,1,0,0,0
warm,20,new_task,525.805,13,0,1,0
warm,20,reuse,31.446,1,0,0,0
warm,21,new_task,522.550,13,0,1,0
warm,21,reuse,35.069,1,0,0,0
warm,22,new_task,412.591,13,0,1,0
warm,22,reuse,31.320,1,0,0,0
warm,23,new_task,565.214,13,0,1,0
warm,23,reuse,47.596,1,0,0,0
warm,24,new_task,473.644,13,0,1,0
warm,24,reuse,26.243,1,0,0,0
warm,25,new_task,425.627,13,0,1,0
warm,25,reuse,19.172,1,0,0,0
warm,26,new_task,454.365,13,0,1,0
warm,26,reuse,26.029,1,0,0,0
warm,27,new_task,454.360,13,0,1,0
warm,27,reuse,35.697,1,0,0,0
warm,28,new_task,512.559,13,0,1,0
warm,28,reuse,27.606,1,0,0,0
warm,29,new_task,420.135,13,0,1,0
warm,29,reuse,30.182,1,0,0,0
warm,30,new_task,573.801,13,0,1,0
warm,30,reuse,33.217,1,0,0,0
